Bus Number,Fuel Cost,Driver Payment,Maintenance,Management,PVA
21,35.670000,26.560000,240.670000,8013.000000,0.000000
22,33.530000,23.660000,226.250000,8013.000000,0.000000
23,31.930000,26.560000,226.970000,8013.000000,0.000000
24,25.380000,23.660000,168.470000,8013.000000,10028.000000
25,41.550000,21.940000,288.870000,8013.000000,11429.000000
